{"cameraMode":{"drawMode":0,"name":"Shaded","section":"Shading Mode"},"sceneLighting":true,"audioPlay":false,"sceneViewState":{"showFog":true,"showMaterialUpdate":false,"showSkybox":true,"showFlares":true,"showImageEffects":true,"showParticleSystems":true},"in2DMode":false,"pivot":{"x":13.210649490356446,"y":20.234643936157228,"z":0.6466960906982422},"rotation":{"x":0.01096424926072359,"y":0.98170006275177,"z":-0.1810753345489502,"w":0.05957389250397682},"size":26.072734832763673,"orthographic":true}