{"cameraMode":{"drawMode":0,"name":"Shaded","section":"Shading Mode"},"sceneLighting":false,"audioPlay":false,"sceneViewState":{"showFog":true,"showMaterialUpdate":false,"showSkybox":false,"showFlares":true,"showImageEffects":true,"showParticleSystems":true},"in2DMode":false,"pivot":{"x":0.5999999046325684,"y":2.4000000953674318,"z":1.7320510149002076},"rotation":{"x":0.0672755017876625,"y":-0.9185994863510132,"z":0.17857040464878083,"w":0.34607458114624026},"size":2.922405481338501,"orthographic":true}